[
    {
        "id": 1752921024421,
        "invoiceRefNo": "SI-0002",
        "invoiceDate": "2025-07-19",
        "status": "draft",
        "fbrInvoiceNumber": "N/A",
        "seller": "4420653123917",
        "buyer": "0710106",
        "totalAmount": 998,
        "itemCount": 1,
        "hasValidation": false,
        "hasPayload": false
    },
    {
        "id": 1752921055941,
        "invoiceRefNo": "SI-0002",
        "invoiceDate": "2025-07-19",
        "status": "draft",
        "fbrInvoiceNumber": "N/A",
        "seller": "4420653123917",
        "buyer": "0710106",
        "totalAmount": 1147.7,
        "itemCount": 1,
        "hasValidation": false,
        "hasPayload": false
    },
    {
        "id": 1752921055942,
        "invoiceRefNo": "N/A",
        "invoiceDate": "2025-07-19 15:44:12",
        "status": "unknown",
        "fbrInvoiceNumber": "N/A",
        "seller": "N/A",
        "buyer": "N/A",
        "totalAmount": 0,
        "itemCount": 0,
        "hasValidation": true,
        "hasPayload": true
    }
]